rule_id,model_name,cleaned_table,rule_group,rule_type,severity,column_name,sql_condition,issue_code,issue_message,enabled,source,notes
stg_analytics_sales_funnel__technical_raw_payload_id_missing,stg_analytics_sales_funnel,analytics_sales_funnel,technical_lineage,required,bad,raw_payload_id,raw_payload_id is null,technical_raw_payload_id_missing,Technical lineage field `raw_payload_id` is missing.,true,generated,
stg_analytics_sales_funnel__technical_record_index_missing,stg_analytics_sales_funnel,analytics_sales_funnel,technical_lineage,required,bad,record_index,record_index is null,technical_record_index_missing,Technical lineage field `record_index` is missing.,true,generated,
stg_analytics_sales_funnel__technical_dataset_name_missing,stg_analytics_sales_funnel,analytics_sales_funnel,technical_lineage,required,bad,dataset_name,"dataset_name is null or nullif(dataset_name::text, '') is null",technical_dataset_name_missing,Technical lineage field `dataset_name` is missing.,true,generated,
stg_analytics_sales_funnel__technical_raw_record_missing,stg_analytics_sales_funnel,analytics_sales_funnel,technical_lineage,required,bad,raw_record,"raw_record is null or nullif(raw_record::text, '') is null",technical_raw_record_missing,Technical lineage field `raw_record` is missing.,true,generated,
stg_analytics_sales_funnel__duplicate_raw_payload_record_index,stg_analytics_sales_funnel,analytics_sales_funnel,technical_lineage,unique_combination,bad,"raw_payload_id,record_index","count(*) over (partition by raw_payload_id, record_index) > 1",duplicate_raw_payload_record_index,Duplicate row identity by raw_payload_id + record_index.,true,generated,
stg_analytics_sales_funnel__unexpected_dataset_name,stg_analytics_sales_funnel,analytics_sales_funnel,technical_lineage,accepted_dataset,bad,dataset_name,dataset_name <> 'analytics_sales_funnel',unexpected_dataset_name,dataset_name is not `analytics_sales_funnel`.,true,generated,
stg_analytics_sales_funnel__analytics_nm_id_missing,stg_analytics_sales_funnel,analytics_sales_funnel,domain_required,at_least_one_required,bad,product_nm_id,(product_nm_id is null),analytics_nm_id_missing,Analytics row has no nm_id/product_nm_id.,true,generated,
stg_analytics_sales_funnel__product_stocks_balance_sum_negative,stg_analytics_sales_funnel,analytics_sales_funnel,numeric_quality,non_negative,bad,product_stocks_balance_sum,product_stocks_balance_sum < 0,product_stocks_balance_sum_negative,Numeric field `product_stocks_balance_sum` is negative.,true,generated,
stg_analytics_sales_funnel__statistic_past_avg_price_negative,stg_analytics_sales_funnel,analytics_sales_funnel,numeric_quality,non_negative,bad,statistic_past_avg_price,statistic_past_avg_price < 0,statistic_past_avg_price_negative,Numeric field `statistic_past_avg_price` is negative.,true,generated,
stg_analytics_sales_funnel__statistic_past_buyout_count_negative,stg_analytics_sales_funnel,analytics_sales_funnel,numeric_quality,non_negative,bad,statistic_past_buyout_count,statistic_past_buyout_count < 0,statistic_past_buyout_count_negative,Numeric field `statistic_past_buyout_count` is negative.,true,generated,
stg_analytics_sales_funnel__statistic_past_buyout_sum_negative,stg_analytics_sales_funnel,analytics_sales_funnel,numeric_quality,non_negative,bad,statistic_past_buyout_sum,statistic_past_buyout_sum < 0,statistic_past_buyout_sum_negative,Numeric field `statistic_past_buyout_sum` is negative.,true,generated,
stg_analytics_sales_funnel__statistic_past_cancel_count_negative,stg_analytics_sales_funnel,analytics_sales_funnel,numeric_quality,non_negative,bad,statistic_past_cancel_count,statistic_past_cancel_count < 0,statistic_past_cancel_count_negative,Numeric field `statistic_past_cancel_count` is negative.,true,generated,
stg_analytics_sales_funnel__statistic_past_cancel_sum_negative,stg_analytics_sales_funnel,analytics_sales_funnel,numeric_quality,non_negative,bad,statistic_past_cancel_sum,statistic_past_cancel_sum < 0,statistic_past_cancel_sum_negative,Numeric field `statistic_past_cancel_sum` is negative.,true,generated,
stg_analytics_sales_funnel__statistic_past_cart_count_negative,stg_analytics_sales_funnel,analytics_sales_funnel,numeric_quality,non_negative,bad,statistic_past_cart_count,statistic_past_cart_count < 0,statistic_past_cart_count_negative,Numeric field `statistic_past_cart_count` is negative.,true,generated,
stg_analytics_sales_funnel__statistic_past_open_count_negative,stg_analytics_sales_funnel,analytics_sales_funnel,numeric_quality,non_negative,bad,statistic_past_open_count,statistic_past_open_count < 0,statistic_past_open_count_negative,Numeric field `statistic_past_open_count` is negative.,true,generated,
stg_analytics_sales_funnel__statistic_past_order_count_negative,stg_analytics_sales_funnel,analytics_sales_funnel,numeric_quality,non_negative,bad,statistic_past_order_count,statistic_past_order_count < 0,statistic_past_order_count_negative,Numeric field `statistic_past_order_count` is negative.,true,generated,
stg_analytics_sales_funnel__statistic_past_order_sum_negative,stg_analytics_sales_funnel,analytics_sales_funnel,numeric_quality,non_negative,bad,statistic_past_order_sum,statistic_past_order_sum < 0,statistic_past_order_sum_negative,Numeric field `statistic_past_order_sum` is negative.,true,generated,
stg_analytics_sales_funnel__statistic_past_wb_club_avg_price_negative,stg_analytics_sales_funnel,analytics_sales_funnel,numeric_quality,non_negative,bad,statistic_past_wb_club_avg_price,statistic_past_wb_club_avg_price < 0,statistic_past_wb_club_avg_price_negative,Numeric field `statistic_past_wb_club_avg_price` is negative.,true,generated,
stg_analytics_sales_funnel__statistic_past_wb_club_buyout_count_negative,stg_analytics_sales_funnel,analytics_sales_funnel,numeric_quality,non_negative,bad,statistic_past_wb_club_buyout_count,statistic_past_wb_club_buyout_count < 0,statistic_past_wb_club_buyout_count_negative,Numeric field `statistic_past_wb_club_buyout_count` is negative.,true,generated,
stg_analytics_sales_funnel__statistic_past_wb_club_buyout_sum_negative,stg_analytics_sales_funnel,analytics_sales_funnel,numeric_quality,non_negative,bad,statistic_past_wb_club_buyout_sum,statistic_past_wb_club_buyout_sum < 0,statistic_past_wb_club_buyout_sum_negative,Numeric field `statistic_past_wb_club_buyout_sum` is negative.,true,generated,
stg_analytics_sales_funnel__statistic_past_wb_club_cancel_count_negative,stg_analytics_sales_funnel,analytics_sales_funnel,numeric_quality,non_negative,bad,statistic_past_wb_club_cancel_count,statistic_past_wb_club_cancel_count < 0,statistic_past_wb_club_cancel_count_negative,Numeric field `statistic_past_wb_club_cancel_count` is negative.,true,generated,
stg_analytics_sales_funnel__statistic_past_wb_club_cancel_sum_negative,stg_analytics_sales_funnel,analytics_sales_funnel,numeric_quality,non_negative,bad,statistic_past_wb_club_cancel_sum,statistic_past_wb_club_cancel_sum < 0,statistic_past_wb_club_cancel_sum_negative,Numeric field `statistic_past_wb_club_cancel_sum` is negative.,true,generated,
stg_analytics_sales_funnel__statistic_past_wb_club_order_count_negative,stg_analytics_sales_funnel,analytics_sales_funnel,numeric_quality,non_negative,bad,statistic_past_wb_club_order_count,statistic_past_wb_club_order_count < 0,statistic_past_wb_club_order_count_negative,Numeric field `statistic_past_wb_club_order_count` is negative.,true,generated,
stg_analytics_sales_funnel__statistic_past_wb_club_order_sum_negative,stg_analytics_sales_funnel,analytics_sales_funnel,numeric_quality,non_negative,bad,statistic_past_wb_club_order_sum,statistic_past_wb_club_order_sum < 0,statistic_past_wb_club_order_sum_negative,Numeric field `statistic_past_wb_club_order_sum` is negative.,true,generated,
stg_analytics_sales_funnel__statistic_selected_avg_price_negative,stg_analytics_sales_funnel,analytics_sales_funnel,numeric_quality,non_negative,bad,statistic_selected_avg_price,statistic_selected_avg_price < 0,statistic_selected_avg_price_negative,Numeric field `statistic_selected_avg_price` is negative.,true,generated,
stg_analytics_sales_funnel__statistic_selected_buyout_count_negative,stg_analytics_sales_funnel,analytics_sales_funnel,numeric_quality,non_negative,bad,statistic_selected_buyout_count,statistic_selected_buyout_count < 0,statistic_selected_buyout_count_negative,Numeric field `statistic_selected_buyout_count` is negative.,true,generated,
stg_analytics_sales_funnel__statistic_selected_buyout_sum_negative,stg_analytics_sales_funnel,analytics_sales_funnel,numeric_quality,non_negative,bad,statistic_selected_buyout_sum,statistic_selected_buyout_sum < 0,statistic_selected_buyout_sum_negative,Numeric field `statistic_selected_buyout_sum` is negative.,true,generated,
stg_analytics_sales_funnel__statistic_selected_cancel_count_negative,stg_analytics_sales_funnel,analytics_sales_funnel,numeric_quality,non_negative,bad,statistic_selected_cancel_count,statistic_selected_cancel_count < 0,statistic_selected_cancel_count_negative,Numeric field `statistic_selected_cancel_count` is negative.,true,generated,
stg_analytics_sales_funnel__statistic_selected_cancel_sum_negative,stg_analytics_sales_funnel,analytics_sales_funnel,numeric_quality,non_negative,bad,statistic_selected_cancel_sum,statistic_selected_cancel_sum < 0,statistic_selected_cancel_sum_negative,Numeric field `statistic_selected_cancel_sum` is negative.,true,generated,
stg_analytics_sales_funnel__statistic_selected_cart_count_negative,stg_analytics_sales_funnel,analytics_sales_funnel,numeric_quality,non_negative,bad,statistic_selected_cart_count,statistic_selected_cart_count < 0,statistic_selected_cart_count_negative,Numeric field `statistic_selected_cart_count` is negative.,true,generated,
stg_analytics_sales_funnel__statistic_selected_open_count_negative,stg_analytics_sales_funnel,analytics_sales_funnel,numeric_quality,non_negative,bad,statistic_selected_open_count,statistic_selected_open_count < 0,statistic_selected_open_count_negative,Numeric field `statistic_selected_open_count` is negative.,true,generated,
stg_analytics_sales_funnel__statistic_selected_order_count_negative,stg_analytics_sales_funnel,analytics_sales_funnel,numeric_quality,non_negative,bad,statistic_selected_order_count,statistic_selected_order_count < 0,statistic_selected_order_count_negative,Numeric field `statistic_selected_order_count` is negative.,true,generated,
stg_analytics_sales_funnel__statistic_selected_order_sum_negative,stg_analytics_sales_funnel,analytics_sales_funnel,numeric_quality,non_negative,bad,statistic_selected_order_sum,statistic_selected_order_sum < 0,statistic_selected_order_sum_negative,Numeric field `statistic_selected_order_sum` is negative.,true,generated,
stg_analytics_sales_funnel__statistic_selected_wb_club_avg_price_negative,stg_analytics_sales_funnel,analytics_sales_funnel,numeric_quality,non_negative,bad,statistic_selected_wb_club_avg_price,statistic_selected_wb_club_avg_price < 0,statistic_selected_wb_club_avg_price_negative,Numeric field `statistic_selected_wb_club_avg_price` is negative.,true,generated,
stg_analytics_sales_funnel__statistic_selected_wb_club_buyout_count_negative,stg_analytics_sales_funnel,analytics_sales_funnel,numeric_quality,non_negative,bad,statistic_selected_wb_club_buyout_count,statistic_selected_wb_club_buyout_count < 0,statistic_selected_wb_club_buyout_count_negative,Numeric field `statistic_selected_wb_club_buyout_count` is negative.,true,generated,
stg_analytics_sales_funnel__statistic_selected_wb_club_buyout_sum_negative,stg_analytics_sales_funnel,analytics_sales_funnel,numeric_quality,non_negative,bad,statistic_selected_wb_club_buyout_sum,statistic_selected_wb_club_buyout_sum < 0,statistic_selected_wb_club_buyout_sum_negative,Numeric field `statistic_selected_wb_club_buyout_sum` is negative.,true,generated,
stg_analytics_sales_funnel__statistic_selected_wb_club_cancel_count_negative,stg_analytics_sales_funnel,analytics_sales_funnel,numeric_quality,non_negative,bad,statistic_selected_wb_club_cancel_count,statistic_selected_wb_club_cancel_count < 0,statistic_selected_wb_club_cancel_count_negative,Numeric field `statistic_selected_wb_club_cancel_count` is negative.,true,generated,
stg_analytics_sales_funnel__statistic_selected_wb_club_cancel_sum_negative,stg_analytics_sales_funnel,analytics_sales_funnel,numeric_quality,non_negative,bad,statistic_selected_wb_club_cancel_sum,statistic_selected_wb_club_cancel_sum < 0,statistic_selected_wb_club_cancel_sum_negative,Numeric field `statistic_selected_wb_club_cancel_sum` is negative.,true,generated,
stg_analytics_sales_funnel__statistic_selected_wb_club_order_count_negative,stg_analytics_sales_funnel,analytics_sales_funnel,numeric_quality,non_negative,bad,statistic_selected_wb_club_order_count,statistic_selected_wb_club_order_count < 0,statistic_selected_wb_club_order_count_negative,Numeric field `statistic_selected_wb_club_order_count` is negative.,true,generated,
stg_analytics_sales_funnel__statistic_selected_wb_club_order_sum_negative,stg_analytics_sales_funnel,analytics_sales_funnel,numeric_quality,non_negative,bad,statistic_selected_wb_club_order_sum,statistic_selected_wb_club_order_sum < 0,statistic_selected_wb_club_order_sum_negative,Numeric field `statistic_selected_wb_club_order_sum` is negative.,true,generated,
stg_analytics_stocks__technical_raw_payload_id_missing,stg_analytics_stocks,analytics_stocks,technical_lineage,required,bad,raw_payload_id,raw_payload_id is null,technical_raw_payload_id_missing,Technical lineage field `raw_payload_id` is missing.,true,generated,
stg_analytics_stocks__technical_record_index_missing,stg_analytics_stocks,analytics_stocks,technical_lineage,required,bad,record_index,record_index is null,technical_record_index_missing,Technical lineage field `record_index` is missing.,true,generated,
stg_analytics_stocks__technical_dataset_name_missing,stg_analytics_stocks,analytics_stocks,technical_lineage,required,bad,dataset_name,"dataset_name is null or nullif(dataset_name::text, '') is null",technical_dataset_name_missing,Technical lineage field `dataset_name` is missing.,true,generated,
stg_analytics_stocks__technical_raw_record_missing,stg_analytics_stocks,analytics_stocks,technical_lineage,required,bad,raw_record,"raw_record is null or nullif(raw_record::text, '') is null",technical_raw_record_missing,Technical lineage field `raw_record` is missing.,true,generated,
stg_analytics_stocks__duplicate_raw_payload_record_index,stg_analytics_stocks,analytics_stocks,technical_lineage,unique_combination,bad,"raw_payload_id,record_index","count(*) over (partition by raw_payload_id, record_index) > 1",duplicate_raw_payload_record_index,Duplicate row identity by raw_payload_id + record_index.,true,generated,
stg_analytics_stocks__unexpected_dataset_name,stg_analytics_stocks,analytics_stocks,technical_lineage,accepted_dataset,bad,dataset_name,dataset_name <> 'analytics_stocks',unexpected_dataset_name,dataset_name is not `analytics_stocks`.,true,generated,
stg_analytics_stocks__analytics_nm_id_missing,stg_analytics_stocks,analytics_stocks,domain_required,at_least_one_required,bad,nm_id,(nm_id is null),analytics_nm_id_missing,Analytics row has no nm_id/product_nm_id.,true,generated,
stg_analytics_stocks__quantity_negative,stg_analytics_stocks,analytics_stocks,numeric_quality,non_negative,bad,quantity,quantity < 0,quantity_negative,Numeric field `quantity` is negative.,true,generated,
stg_communications_chats__technical_raw_payload_id_missing,stg_communications_chats,communications_chats,technical_lineage,required,bad,raw_payload_id,raw_payload_id is null,technical_raw_payload_id_missing,Technical lineage field `raw_payload_id` is missing.,true,generated,
stg_communications_chats__technical_record_index_missing,stg_communications_chats,communications_chats,technical_lineage,required,bad,record_index,record_index is null,technical_record_index_missing,Technical lineage field `record_index` is missing.,true,generated,
stg_communications_chats__technical_dataset_name_missing,stg_communications_chats,communications_chats,technical_lineage,required,bad,dataset_name,"dataset_name is null or nullif(dataset_name::text, '') is null",technical_dataset_name_missing,Technical lineage field `dataset_name` is missing.,true,generated,
stg_communications_chats__technical_raw_record_missing,stg_communications_chats,communications_chats,technical_lineage,required,bad,raw_record,"raw_record is null or nullif(raw_record::text, '') is null",technical_raw_record_missing,Technical lineage field `raw_record` is missing.,true,generated,
stg_communications_chats__duplicate_raw_payload_record_index,stg_communications_chats,communications_chats,technical_lineage,unique_combination,bad,"raw_payload_id,record_index","count(*) over (partition by raw_payload_id, record_index) > 1",duplicate_raw_payload_record_index,Duplicate row identity by raw_payload_id + record_index.,true,generated,
stg_communications_chats__unexpected_dataset_name,stg_communications_chats,communications_chats,technical_lineage,accepted_dataset,bad,dataset_name,dataset_name <> 'communications_chats',unexpected_dataset_name,dataset_name is not `communications_chats`.,true,generated,
stg_communications_chats__chat_identity_missing,stg_communications_chats,communications_chats,domain_required,at_least_one_required,bad,"chat_id,id","(chat_id is null or nullif(chat_id::text, '') is null) and (id is null)",chat_identity_missing,Chat row has no chat identity.,true,generated,
stg_communications_chats__good_card_price_negative,stg_communications_chats,communications_chats,numeric_quality,non_negative,bad,good_card_price,good_card_price < 0,good_card_price_negative,Numeric field `good_card_price` is negative.,true,generated,
stg_communications_feedbacks__technical_raw_payload_id_missing,stg_communications_feedbacks,communications_feedbacks,technical_lineage,required,bad,raw_payload_id,raw_payload_id is null,technical_raw_payload_id_missing,Technical lineage field `raw_payload_id` is missing.,true,generated,
stg_communications_feedbacks__technical_record_index_missing,stg_communications_feedbacks,communications_feedbacks,technical_lineage,required,bad,record_index,record_index is null,technical_record_index_missing,Technical lineage field `record_index` is missing.,true,generated,
stg_communications_feedbacks__technical_dataset_name_missing,stg_communications_feedbacks,communications_feedbacks,technical_lineage,required,bad,dataset_name,"dataset_name is null or nullif(dataset_name::text, '') is null",technical_dataset_name_missing,Technical lineage field `dataset_name` is missing.,true,generated,
stg_communications_feedbacks__technical_raw_record_missing,stg_communications_feedbacks,communications_feedbacks,technical_lineage,required,bad,raw_record,"raw_record is null or nullif(raw_record::text, '') is null",technical_raw_record_missing,Technical lineage field `raw_record` is missing.,true,generated,
stg_communications_feedbacks__duplicate_raw_payload_record_index,stg_communications_feedbacks,communications_feedbacks,technical_lineage,unique_combination,bad,"raw_payload_id,record_index","count(*) over (partition by raw_payload_id, record_index) > 1",duplicate_raw_payload_record_index,Duplicate row identity by raw_payload_id + record_index.,true,generated,
stg_communications_feedbacks__unexpected_dataset_name,stg_communications_feedbacks,communications_feedbacks,technical_lineage,accepted_dataset,bad,dataset_name,dataset_name <> 'communications_feedbacks',unexpected_dataset_name,dataset_name is not `communications_feedbacks`.,true,generated,
stg_communications_feedbacks__feedback_identity_missing,stg_communications_feedbacks,communications_feedbacks,domain_required,at_least_one_required,bad,id,"(id is null or nullif(id::text, '') is null)",feedback_identity_missing,Feedback row has no feedback identity.,true,generated,
stg_communications_feedbacks__feedback_date_missing,stg_communications_feedbacks,communications_feedbacks,domain_required,at_least_one_required,warning,created_date,(created_date is null),feedback_date_missing,Feedback row has no created/date field.,true,generated,
stg_fbw_supplies__technical_raw_payload_id_missing,stg_fbw_supplies,fbw_supplies,technical_lineage,required,bad,raw_payload_id,raw_payload_id is null,technical_raw_payload_id_missing,Technical lineage field `raw_payload_id` is missing.,true,generated,
stg_fbw_supplies__technical_record_index_missing,stg_fbw_supplies,fbw_supplies,technical_lineage,required,bad,record_index,record_index is null,technical_record_index_missing,Technical lineage field `record_index` is missing.,true,generated,
stg_fbw_supplies__technical_dataset_name_missing,stg_fbw_supplies,fbw_supplies,technical_lineage,required,bad,dataset_name,"dataset_name is null or nullif(dataset_name::text, '') is null",technical_dataset_name_missing,Technical lineage field `dataset_name` is missing.,true,generated,
stg_fbw_supplies__technical_raw_record_missing,stg_fbw_supplies,fbw_supplies,technical_lineage,required,bad,raw_record,"raw_record is null or nullif(raw_record::text, '') is null",technical_raw_record_missing,Technical lineage field `raw_record` is missing.,true,generated,
stg_fbw_supplies__duplicate_raw_payload_record_index,stg_fbw_supplies,fbw_supplies,technical_lineage,unique_combination,bad,"raw_payload_id,record_index","count(*) over (partition by raw_payload_id, record_index) > 1",duplicate_raw_payload_record_index,Duplicate row identity by raw_payload_id + record_index.,true,generated,
stg_fbw_supplies__unexpected_dataset_name,stg_fbw_supplies,fbw_supplies,technical_lineage,accepted_dataset,bad,dataset_name,dataset_name <> 'fbw_supplies',unexpected_dataset_name,dataset_name is not `fbw_supplies`.,true,generated,
stg_fbw_supplies__fbw_supply_identity_missing,stg_fbw_supplies,fbw_supplies,domain_required,at_least_one_required,bad,supply_id,(supply_id is null),fbw_supply_identity_missing,FBW supply row has no supply identity.,true,generated,
stg_finance_balance__technical_raw_payload_id_missing,stg_finance_balance,finance_balance,technical_lineage,required,bad,raw_payload_id,raw_payload_id is null,technical_raw_payload_id_missing,Technical lineage field `raw_payload_id` is missing.,true,generated,
stg_finance_balance__technical_record_index_missing,stg_finance_balance,finance_balance,technical_lineage,required,bad,record_index,record_index is null,technical_record_index_missing,Technical lineage field `record_index` is missing.,true,generated,
stg_finance_balance__technical_dataset_name_missing,stg_finance_balance,finance_balance,technical_lineage,required,bad,dataset_name,"dataset_name is null or nullif(dataset_name::text, '') is null",technical_dataset_name_missing,Technical lineage field `dataset_name` is missing.,true,generated,
stg_finance_balance__technical_raw_record_missing,stg_finance_balance,finance_balance,technical_lineage,required,bad,raw_record,"raw_record is null or nullif(raw_record::text, '') is null",technical_raw_record_missing,Technical lineage field `raw_record` is missing.,true,generated,
stg_finance_balance__duplicate_raw_payload_record_index,stg_finance_balance,finance_balance,technical_lineage,unique_combination,bad,"raw_payload_id,record_index","count(*) over (partition by raw_payload_id, record_index) > 1",duplicate_raw_payload_record_index,Duplicate row identity by raw_payload_id + record_index.,true,generated,
stg_finance_balance__unexpected_dataset_name,stg_finance_balance,finance_balance,technical_lineage,accepted_dataset,bad,dataset_name,dataset_name <> 'finance_balance',unexpected_dataset_name,dataset_name is not `finance_balance`.,true,generated,
stg_finance_sales_reports__technical_raw_payload_id_missing,stg_finance_sales_reports,finance_sales_reports,technical_lineage,required,bad,raw_payload_id,raw_payload_id is null,technical_raw_payload_id_missing,Technical lineage field `raw_payload_id` is missing.,true,generated,
stg_finance_sales_reports__technical_record_index_missing,stg_finance_sales_reports,finance_sales_reports,technical_lineage,required,bad,record_index,record_index is null,technical_record_index_missing,Technical lineage field `record_index` is missing.,true,generated,
stg_finance_sales_reports__technical_dataset_name_missing,stg_finance_sales_reports,finance_sales_reports,technical_lineage,required,bad,dataset_name,"dataset_name is null or nullif(dataset_name::text, '') is null",technical_dataset_name_missing,Technical lineage field `dataset_name` is missing.,true,generated,
stg_finance_sales_reports__technical_raw_record_missing,stg_finance_sales_reports,finance_sales_reports,technical_lineage,required,bad,raw_record,"raw_record is null or nullif(raw_record::text, '') is null",technical_raw_record_missing,Technical lineage field `raw_record` is missing.,true,generated,
stg_finance_sales_reports__duplicate_raw_payload_record_index,stg_finance_sales_reports,finance_sales_reports,technical_lineage,unique_combination,bad,"raw_payload_id,record_index","count(*) over (partition by raw_payload_id, record_index) > 1",duplicate_raw_payload_record_index,Duplicate row identity by raw_payload_id + record_index.,true,generated,
stg_finance_sales_reports__unexpected_dataset_name,stg_finance_sales_reports,finance_sales_reports,technical_lineage,accepted_dataset,bad,dataset_name,dataset_name <> 'finance_sales_reports',unexpected_dataset_name,dataset_name is not `finance_sales_reports`.,true,generated,
stg_finance_sales_reports__operation_date_missing,stg_finance_sales_reports,finance_sales_reports,domain_required,required,bad,operation_date,operation_date is null,operation_date_missing,Required field `operation_date` is missing.,true,generated,
stg_finance_sales_reports__operation_business_identity_missing,stg_finance_sales_reports,finance_sales_reports,domain_required,at_least_one_required,warning,"nm_id,order_id,rid,srid","(nm_id is null) and (order_id is null) and (rid is null or nullif(rid::text, '') is null) and (srid is null or nullif(srid::text, '') is null)",operation_business_identity_missing,Operation/report row has no product/order/report identity field.,true,generated,
stg_finance_sales_reports__converted_final_price_negative,stg_finance_sales_reports,finance_sales_reports,numeric_quality,non_negative,warning,converted_final_price,converted_final_price < 0,converted_final_price_negative,Numeric field `converted_final_price` is negative.,true,generated,
stg_finance_sales_reports__converted_price_negative,stg_finance_sales_reports,finance_sales_reports,numeric_quality,non_negative,warning,converted_price,converted_price < 0,converted_price_negative,Numeric field `converted_price` is negative.,true,generated,
stg_finance_sales_reports__final_price_negative,stg_finance_sales_reports,finance_sales_reports,numeric_quality,non_negative,warning,final_price,final_price < 0,final_price_negative,Numeric field `final_price` is negative.,true,generated,
stg_finance_sales_reports__price_negative,stg_finance_sales_reports,finance_sales_reports,numeric_quality,non_negative,warning,price,price < 0,price_negative,Numeric field `price` is negative.,true,generated,
stg_finance_sales_reports__sale_price_negative,stg_finance_sales_reports,finance_sales_reports,numeric_quality,non_negative,warning,sale_price,sale_price < 0,sale_price_negative,Numeric field `sale_price` is negative.,true,generated,
stg_finance_sales_reports_detailed__technical_raw_payload_id_missing,stg_finance_sales_reports_detailed,finance_sales_reports_detailed,technical_lineage,required,bad,raw_payload_id,raw_payload_id is null,technical_raw_payload_id_missing,Technical lineage field `raw_payload_id` is missing.,true,generated,
stg_finance_sales_reports_detailed__technical_record_index_missing,stg_finance_sales_reports_detailed,finance_sales_reports_detailed,technical_lineage,required,bad,record_index,record_index is null,technical_record_index_missing,Technical lineage field `record_index` is missing.,true,generated,
stg_finance_sales_reports_detailed__technical_dataset_name_missing,stg_finance_sales_reports_detailed,finance_sales_reports_detailed,technical_lineage,required,bad,dataset_name,"dataset_name is null or nullif(dataset_name::text, '') is null",technical_dataset_name_missing,Technical lineage field `dataset_name` is missing.,true,generated,
stg_finance_sales_reports_detailed__technical_raw_record_missing,stg_finance_sales_reports_detailed,finance_sales_reports_detailed,technical_lineage,required,bad,raw_record,"raw_record is null or nullif(raw_record::text, '') is null",technical_raw_record_missing,Technical lineage field `raw_record` is missing.,true,generated,
stg_finance_sales_reports_detailed__duplicate_raw_payload_record_index,stg_finance_sales_reports_detailed,finance_sales_reports_detailed,technical_lineage,unique_combination,bad,"raw_payload_id,record_index","count(*) over (partition by raw_payload_id, record_index) > 1",duplicate_raw_payload_record_index,Duplicate row identity by raw_payload_id + record_index.,true,generated,
stg_finance_sales_reports_detailed__unexpected_dataset_name,stg_finance_sales_reports_detailed,finance_sales_reports_detailed,technical_lineage,accepted_dataset,bad,dataset_name,dataset_name <> 'finance_sales_reports_detailed',unexpected_dataset_name,dataset_name is not `finance_sales_reports_detailed`.,true,generated,
stg_finance_sales_reports_detailed__operation_date_missing,stg_finance_sales_reports_detailed,finance_sales_reports_detailed,domain_required,required,bad,operation_date,operation_date is null,operation_date_missing,Required field `operation_date` is missing.,true,generated,
stg_finance_sales_reports_detailed__operation_business_identity_missing,stg_finance_sales_reports_detailed,finance_sales_reports_detailed,domain_required,at_least_one_required,warning,"nm_id,order_id,rid,srid,rrd_id","(nm_id is null) and (order_id is null) and (rid is null or nullif(rid::text, '') is null) and (srid is null or nullif(srid::text, '') is null) and (rrd_id is null)",operation_business_identity_missing,Operation/report row has no product/order/report identity field.,true,generated,
stg_finance_sales_reports_detailed__converted_final_price_negative,stg_finance_sales_reports_detailed,finance_sales_reports_detailed,numeric_quality,non_negative,warning,converted_final_price,converted_final_price < 0,converted_final_price_negative,Numeric field `converted_final_price` is negative.,true,generated,
stg_finance_sales_reports_detailed__converted_price_negative,stg_finance_sales_reports_detailed,finance_sales_reports_detailed,numeric_quality,non_negative,warning,converted_price,converted_price < 0,converted_price_negative,Numeric field `converted_price` is negative.,true,generated,
stg_finance_sales_reports_detailed__delivery_amount_negative,stg_finance_sales_reports_detailed,finance_sales_reports_detailed,numeric_quality,non_negative,warning,delivery_amount,delivery_amount < 0,delivery_amount_negative,Numeric field `delivery_amount` is negative.,true,generated,
stg_finance_sales_reports_detailed__final_price_negative,stg_finance_sales_reports_detailed,finance_sales_reports_detailed,numeric_quality,non_negative,warning,final_price,final_price < 0,final_price_negative,Numeric field `final_price` is negative.,true,generated,
stg_finance_sales_reports_detailed__price_negative,stg_finance_sales_reports_detailed,finance_sales_reports_detailed,numeric_quality,non_negative,warning,price,price < 0,price_negative,Numeric field `price` is negative.,true,generated,
stg_finance_sales_reports_detailed__quantity_negative,stg_finance_sales_reports_detailed,finance_sales_reports_detailed,numeric_quality,non_negative,warning,quantity,quantity < 0,quantity_negative,Numeric field `quantity` is negative.,true,generated,
stg_finance_sales_reports_detailed__return_amount_negative,stg_finance_sales_reports_detailed,finance_sales_reports_detailed,numeric_quality,non_negative,warning,return_amount,return_amount < 0,return_amount_negative,Numeric field `return_amount` is negative.,true,generated,
stg_finance_sales_reports_detailed__sale_price_negative,stg_finance_sales_reports_detailed,finance_sales_reports_detailed,numeric_quality,non_negative,warning,sale_price,sale_price < 0,sale_price_negative,Numeric field `sale_price` is negative.,true,generated,
stg_general_seller_info__technical_raw_payload_id_missing,stg_general_seller_info,general_seller_info,technical_lineage,required,bad,raw_payload_id,raw_payload_id is null,technical_raw_payload_id_missing,Technical lineage field `raw_payload_id` is missing.,true,generated,
stg_general_seller_info__technical_record_index_missing,stg_general_seller_info,general_seller_info,technical_lineage,required,bad,record_index,record_index is null,technical_record_index_missing,Technical lineage field `record_index` is missing.,true,generated,
stg_general_seller_info__technical_dataset_name_missing,stg_general_seller_info,general_seller_info,technical_lineage,required,bad,dataset_name,"dataset_name is null or nullif(dataset_name::text, '') is null",technical_dataset_name_missing,Technical lineage field `dataset_name` is missing.,true,generated,
stg_general_seller_info__technical_raw_record_missing,stg_general_seller_info,general_seller_info,technical_lineage,required,bad,raw_record,"raw_record is null or nullif(raw_record::text, '') is null",technical_raw_record_missing,Technical lineage field `raw_record` is missing.,true,generated,
stg_general_seller_info__duplicate_raw_payload_record_index,stg_general_seller_info,general_seller_info,technical_lineage,unique_combination,bad,"raw_payload_id,record_index","count(*) over (partition by raw_payload_id, record_index) > 1",duplicate_raw_payload_record_index,Duplicate row identity by raw_payload_id + record_index.,true,generated,
stg_general_seller_info__unexpected_dataset_name,stg_general_seller_info,general_seller_info,technical_lineage,accepted_dataset,bad,dataset_name,dataset_name <> 'general_seller_info',unexpected_dataset_name,dataset_name is not `general_seller_info`.,true,generated,
stg_general_seller_info__seller_identity_missing,stg_general_seller_info,general_seller_info,domain_required,at_least_one_required,warning,name,"(name is null or nullif(name::text, '') is null)",seller_identity_missing,Seller info row has no seller identity-like field.,true,generated,
stg_items_cards__technical_raw_payload_id_missing,stg_items_cards,items_cards,technical_lineage,required,bad,raw_payload_id,raw_payload_id is null,technical_raw_payload_id_missing,Technical lineage field `raw_payload_id` is missing.,true,generated,
stg_items_cards__technical_record_index_missing,stg_items_cards,items_cards,technical_lineage,required,bad,record_index,record_index is null,technical_record_index_missing,Technical lineage field `record_index` is missing.,true,generated,
stg_items_cards__technical_dataset_name_missing,stg_items_cards,items_cards,technical_lineage,required,bad,dataset_name,"dataset_name is null or nullif(dataset_name::text, '') is null",technical_dataset_name_missing,Technical lineage field `dataset_name` is missing.,true,generated,
stg_items_cards__technical_raw_record_missing,stg_items_cards,items_cards,technical_lineage,required,bad,raw_record,"raw_record is null or nullif(raw_record::text, '') is null",technical_raw_record_missing,Technical lineage field `raw_record` is missing.,true,generated,
stg_items_cards__duplicate_raw_payload_record_index,stg_items_cards,items_cards,technical_lineage,unique_combination,bad,"raw_payload_id,record_index","count(*) over (partition by raw_payload_id, record_index) > 1",duplicate_raw_payload_record_index,Duplicate row identity by raw_payload_id + record_index.,true,generated,
stg_items_cards__unexpected_dataset_name,stg_items_cards,items_cards,technical_lineage,accepted_dataset,bad,dataset_name,dataset_name <> 'items_cards',unexpected_dataset_name,dataset_name is not `items_cards`.,true,generated,
stg_items_cards__nm_id_missing,stg_items_cards,items_cards,domain_required,required,bad,nm_id,nm_id is null,nm_id_missing,Required field `nm_id` is missing.,true,generated,
stg_items_cards__product_article_missing,stg_items_cards,items_cards,domain_required,at_least_one_required,warning,"article,vendor_code","(article is null or nullif(article::text, '') is null) and (vendor_code is null or nullif(vendor_code::text, '') is null)",product_article_missing,Product row has no seller article/vendor code.,true,generated,
stg_items_cards__product_barcode_or_skus_missing,stg_items_cards,items_cards,domain_required,at_least_one_required,warning,"barcode,skus","(barcode is null) and (skus is null or nullif(skus::text, '') is null)",product_barcode_or_skus_missing,Product row has no barcode/skus field.,true,generated,
stg_items_stocks__technical_raw_payload_id_missing,stg_items_stocks,items_stocks,technical_lineage,required,bad,raw_payload_id,raw_payload_id is null,technical_raw_payload_id_missing,Technical lineage field `raw_payload_id` is missing.,true,generated,
stg_items_stocks__technical_record_index_missing,stg_items_stocks,items_stocks,technical_lineage,required,bad,record_index,record_index is null,technical_record_index_missing,Technical lineage field `record_index` is missing.,true,generated,
stg_items_stocks__technical_dataset_name_missing,stg_items_stocks,items_stocks,technical_lineage,required,bad,dataset_name,"dataset_name is null or nullif(dataset_name::text, '') is null",technical_dataset_name_missing,Technical lineage field `dataset_name` is missing.,true,generated,
stg_items_stocks__technical_raw_record_missing,stg_items_stocks,items_stocks,technical_lineage,required,bad,raw_record,"raw_record is null or nullif(raw_record::text, '') is null",technical_raw_record_missing,Technical lineage field `raw_record` is missing.,true,generated,
stg_items_stocks__duplicate_raw_payload_record_index,stg_items_stocks,items_stocks,technical_lineage,unique_combination,bad,"raw_payload_id,record_index","count(*) over (partition by raw_payload_id, record_index) > 1",duplicate_raw_payload_record_index,Duplicate row identity by raw_payload_id + record_index.,true,generated,
stg_items_stocks__unexpected_dataset_name,stg_items_stocks,items_stocks,technical_lineage,accepted_dataset,bad,dataset_name,dataset_name <> 'items_stocks',unexpected_dataset_name,dataset_name is not `items_stocks`.,true,generated,
stg_items_stocks__nm_id_missing,stg_items_stocks,items_stocks,domain_required,required,bad,nm_id,nm_id is null,nm_id_missing,Required field `nm_id` is missing.,true,generated,
stg_items_stocks__warehouse_id_missing,stg_items_stocks,items_stocks,domain_required,required,bad,warehouse_id,warehouse_id is null,warehouse_id_missing,Required field `warehouse_id` is missing.,true,generated,
stg_items_stocks__stock_quantity_missing,stg_items_stocks,items_stocks,domain_required,at_least_one_required,bad,"quantity,amount",(quantity is null) and (amount is null),stock_quantity_missing,Stock row has no quantity-like field.,true,generated,
stg_items_stocks__amount_negative,stg_items_stocks,items_stocks,numeric_quality,non_negative,bad,amount,amount < 0,amount_negative,Numeric field `amount` is negative.,true,generated,
stg_items_stocks__quantity_negative,stg_items_stocks,items_stocks,numeric_quality,non_negative,bad,quantity,quantity < 0,quantity_negative,Numeric field `quantity` is negative.,true,generated,
stg_items_warehouses__technical_raw_payload_id_missing,stg_items_warehouses,items_warehouses,technical_lineage,required,bad,raw_payload_id,raw_payload_id is null,technical_raw_payload_id_missing,Technical lineage field `raw_payload_id` is missing.,true,generated,
stg_items_warehouses__technical_record_index_missing,stg_items_warehouses,items_warehouses,technical_lineage,required,bad,record_index,record_index is null,technical_record_index_missing,Technical lineage field `record_index` is missing.,true,generated,
stg_items_warehouses__technical_dataset_name_missing,stg_items_warehouses,items_warehouses,technical_lineage,required,bad,dataset_name,"dataset_name is null or nullif(dataset_name::text, '') is null",technical_dataset_name_missing,Technical lineage field `dataset_name` is missing.,true,generated,
stg_items_warehouses__technical_raw_record_missing,stg_items_warehouses,items_warehouses,technical_lineage,required,bad,raw_record,"raw_record is null or nullif(raw_record::text, '') is null",technical_raw_record_missing,Technical lineage field `raw_record` is missing.,true,generated,
stg_items_warehouses__duplicate_raw_payload_record_index,stg_items_warehouses,items_warehouses,technical_lineage,unique_combination,bad,"raw_payload_id,record_index","count(*) over (partition by raw_payload_id, record_index) > 1",duplicate_raw_payload_record_index,Duplicate row identity by raw_payload_id + record_index.,true,generated,
stg_items_warehouses__unexpected_dataset_name,stg_items_warehouses,items_warehouses,technical_lineage,accepted_dataset,bad,dataset_name,dataset_name <> 'items_warehouses',unexpected_dataset_name,dataset_name is not `items_warehouses`.,true,generated,
stg_items_warehouses__warehouse_identity_missing,stg_items_warehouses,items_warehouses,domain_required,at_least_one_required,bad,"warehouse_id,id",(warehouse_id is null) and (id is null),warehouse_identity_missing,Warehouse row has no warehouse identity field.,true,generated,
stg_items_warehouses__warehouse_name_missing,stg_items_warehouses,items_warehouses,domain_required,at_least_one_required,warning,"name,warehouse_name","(name is null or nullif(name::text, '') is null) and (warehouse_name is null or nullif(warehouse_name::text, '') is null)",warehouse_name_missing,Warehouse row has no warehouse name field.,true,generated,
stg_orders_current__technical_raw_payload_id_missing,stg_orders_current,orders,technical_lineage,required,bad,raw_payload_id,raw_payload_id is null,technical_raw_payload_id_missing,Technical lineage field `raw_payload_id` is missing.,true,generated,
stg_orders_current__technical_record_index_missing,stg_orders_current,orders,technical_lineage,required,bad,record_index,record_index is null,technical_record_index_missing,Technical lineage field `record_index` is missing.,true,generated,
stg_orders_current__technical_dataset_name_missing,stg_orders_current,orders,technical_lineage,required,bad,dataset_name,"dataset_name is null or nullif(dataset_name::text, '') is null",technical_dataset_name_missing,Technical lineage field `dataset_name` is missing.,true,generated,
stg_orders_current__technical_raw_record_missing,stg_orders_current,orders,technical_lineage,required,bad,raw_record,"raw_record is null or nullif(raw_record::text, '') is null",technical_raw_record_missing,Technical lineage field `raw_record` is missing.,true,generated,
stg_orders_current__duplicate_raw_payload_record_index,stg_orders_current,orders,technical_lineage,unique_combination,bad,"raw_payload_id,record_index","count(*) over (partition by raw_payload_id, record_index) > 1",duplicate_raw_payload_record_index,Duplicate row identity by raw_payload_id + record_index.,true,generated,
stg_orders_current__unexpected_dataset_name,stg_orders_current,orders,technical_lineage,accepted_dataset,bad,dataset_name,"dataset_name not in ('orders_fbs_new', 'orders_fbs_current', 'orders_fbs_archive', 'orders_dbs_new', 'orders_dbs_completed', 'orders_dbw_new', 'orders_dbw_completed', 'orders_pickup_new')",unexpected_dataset_name,dataset_name is not one of the datasets covered by stg_orders_current.,true,generated,
stg_orders_current__order_identity_missing,stg_orders_current,orders,domain_required,at_least_one_required,bad,"order_id,rid,srid,order_uid,order_code","(order_id is null) and (rid is null or nullif(rid::text, '') is null) and (srid is null or nullif(srid::text, '') is null) and (order_uid is null or nullif(order_uid::text, '') is null) and (order_code is null or nullif(order_code::text, '') is null)",order_identity_missing,Order row has no stable order identity field.,true,generated,
stg_orders_current__order_date_missing,stg_orders_current,orders,domain_required,at_least_one_required,warning,"created_at,ddate,seller_date",(created_at is null) and (ddate is null) and (seller_date is null),order_date_missing,Order row has no usable order/date field.,true,generated,
stg_orders_current__order_product_identity_missing,stg_orders_current,orders,domain_required,at_least_one_required,warning,"nm_id,chrt_id,article,barcode","(nm_id is null) and (chrt_id is null) and (article is null or nullif(article::text, '') is null) and (barcode is null or nullif(barcode::text, '') is null)",order_product_identity_missing,Order row has no product identity field.,true,generated,
stg_orders_current__order_currency_missing,stg_orders_current,orders,domain_required,at_least_one_required,warning,"currency_code,converted_currency_code",(currency_code is null) and (converted_currency_code is null),order_currency_missing,Order row has price-like fields but no currency code.,true,generated,
stg_orders_current__order_fulfillment_context_missing,stg_orders_current,orders,domain_required,at_least_one_required,warning,"warehouse_id,warehouse_address,office_id","(warehouse_id is null) and (warehouse_address is null or nullif(warehouse_address::text, '') is null) and (office_id is null)",order_fulfillment_context_missing,Order row has no warehouse/office fulfillment context.,true,generated,
stg_orders_current__price_negative,stg_orders_current,orders,numeric_quality,non_negative,bad,price,price < 0,price_negative,Numeric field `price` is negative.,true,generated,
stg_orders_current__sale_price_negative,stg_orders_current,orders,numeric_quality,non_negative,bad,sale_price,sale_price < 0,sale_price_negative,Numeric field `sale_price` is negative.,true,generated,
stg_orders_current__final_price_negative,stg_orders_current,orders,numeric_quality,non_negative,bad,final_price,final_price < 0,final_price_negative,Numeric field `final_price` is negative.,true,generated,
stg_orders_current__converted_price_negative,stg_orders_current,orders,numeric_quality,non_negative,bad,converted_price,converted_price < 0,converted_price_negative,Numeric field `converted_price` is negative.,true,generated,
stg_orders_current__converted_final_price_negative,stg_orders_current,orders,numeric_quality,non_negative,bad,converted_final_price,converted_final_price < 0,converted_final_price_negative,Numeric field `converted_final_price` is negative.,true,generated,
stg_orders_current__scan_price_negative,stg_orders_current,orders,numeric_quality,non_negative,bad,scan_price,scan_price < 0,scan_price_negative,Numeric field `scan_price` is negative.,true,generated,
stg_orders_dbs_statuses__technical_raw_payload_id_missing,stg_orders_dbs_statuses,orders_dbs_statuses,technical_lineage,required,bad,raw_payload_id,raw_payload_id is null,technical_raw_payload_id_missing,Technical lineage field `raw_payload_id` is missing.,true,generated,
stg_orders_dbs_statuses__technical_record_index_missing,stg_orders_dbs_statuses,orders_dbs_statuses,technical_lineage,required,bad,record_index,record_index is null,technical_record_index_missing,Technical lineage field `record_index` is missing.,true,generated,
stg_orders_dbs_statuses__technical_dataset_name_missing,stg_orders_dbs_statuses,orders_dbs_statuses,technical_lineage,required,bad,dataset_name,"dataset_name is null or nullif(dataset_name::text, '') is null",technical_dataset_name_missing,Technical lineage field `dataset_name` is missing.,true,generated,
stg_orders_dbs_statuses__technical_raw_record_missing,stg_orders_dbs_statuses,orders_dbs_statuses,technical_lineage,required,bad,raw_record,"raw_record is null or nullif(raw_record::text, '') is null",technical_raw_record_missing,Technical lineage field `raw_record` is missing.,true,generated,
stg_orders_dbs_statuses__duplicate_raw_payload_record_index,stg_orders_dbs_statuses,orders_dbs_statuses,technical_lineage,unique_combination,bad,"raw_payload_id,record_index","count(*) over (partition by raw_payload_id, record_index) > 1",duplicate_raw_payload_record_index,Duplicate row identity by raw_payload_id + record_index.,true,generated,
stg_orders_dbs_statuses__unexpected_dataset_name,stg_orders_dbs_statuses,orders_dbs_statuses,technical_lineage,accepted_dataset,bad,dataset_name,dataset_name <> 'orders_dbs_statuses',unexpected_dataset_name,dataset_name is not `orders_dbs_statuses`.,true,generated,
stg_orders_dbs_statuses__order_status_identity_missing,stg_orders_dbs_statuses,orders_dbs_statuses,domain_required,at_least_one_required,bad,"order_id,rid,srid","(order_id is null) and (rid is null or nullif(rid::text, '') is null) and (srid is null or nullif(srid::text, '') is null)",order_status_identity_missing,Order status row has no order identity field.,true,generated,
stg_orders_dbs_statuses__wb_status_missing,stg_orders_dbs_statuses,orders_dbs_statuses,domain_required,required,warning,wb_status,"wb_status is null or nullif(wb_status::text, '') is null",wb_status_missing,Required field `wb_status` is missing.,true,generated,
stg_orders_dbs_statuses__supplier_status_missing,stg_orders_dbs_statuses,orders_dbs_statuses,domain_required,required,warning,supplier_status,"supplier_status is null or nullif(supplier_status::text, '') is null",supplier_status_missing,Required field `supplier_status` is missing.,true,generated,
stg_orders_dbs_statuses__status_missing,stg_orders_dbs_statuses,orders_dbs_statuses,domain_required,required,warning,status,"status is null or nullif(status::text, '') is null",status_missing,Required field `status` is missing.,true,generated,
stg_orders_dbw_statuses__technical_raw_payload_id_missing,stg_orders_dbw_statuses,orders_dbw_statuses,technical_lineage,required,bad,raw_payload_id,raw_payload_id is null,technical_raw_payload_id_missing,Technical lineage field `raw_payload_id` is missing.,true,generated,
stg_orders_dbw_statuses__technical_record_index_missing,stg_orders_dbw_statuses,orders_dbw_statuses,technical_lineage,required,bad,record_index,record_index is null,technical_record_index_missing,Technical lineage field `record_index` is missing.,true,generated,
stg_orders_dbw_statuses__technical_dataset_name_missing,stg_orders_dbw_statuses,orders_dbw_statuses,technical_lineage,required,bad,dataset_name,"dataset_name is null or nullif(dataset_name::text, '') is null",technical_dataset_name_missing,Technical lineage field `dataset_name` is missing.,true,generated,
stg_orders_dbw_statuses__technical_raw_record_missing,stg_orders_dbw_statuses,orders_dbw_statuses,technical_lineage,required,bad,raw_record,"raw_record is null or nullif(raw_record::text, '') is null",technical_raw_record_missing,Technical lineage field `raw_record` is missing.,true,generated,
stg_orders_dbw_statuses__duplicate_raw_payload_record_index,stg_orders_dbw_statuses,orders_dbw_statuses,technical_lineage,unique_combination,bad,"raw_payload_id,record_index","count(*) over (partition by raw_payload_id, record_index) > 1",duplicate_raw_payload_record_index,Duplicate row identity by raw_payload_id + record_index.,true,generated,
stg_orders_dbw_statuses__unexpected_dataset_name,stg_orders_dbw_statuses,orders_dbw_statuses,technical_lineage,accepted_dataset,bad,dataset_name,dataset_name <> 'orders_dbw_statuses',unexpected_dataset_name,dataset_name is not `orders_dbw_statuses`.,true,generated,
stg_orders_dbw_statuses__order_status_identity_missing,stg_orders_dbw_statuses,orders_dbw_statuses,domain_required,at_least_one_required,bad,"order_id,rid,srid","(order_id is null) and (rid is null or nullif(rid::text, '') is null) and (srid is null or nullif(srid::text, '') is null)",order_status_identity_missing,Order status row has no order identity field.,true,generated,
stg_orders_dbw_statuses__wb_status_missing,stg_orders_dbw_statuses,orders_dbw_statuses,domain_required,required,warning,wb_status,"wb_status is null or nullif(wb_status::text, '') is null",wb_status_missing,Required field `wb_status` is missing.,true,generated,
stg_orders_dbw_statuses__supplier_status_missing,stg_orders_dbw_statuses,orders_dbw_statuses,domain_required,required,warning,supplier_status,"supplier_status is null or nullif(supplier_status::text, '') is null",supplier_status_missing,Required field `supplier_status` is missing.,true,generated,
stg_orders_dbw_statuses__status_missing,stg_orders_dbw_statuses,orders_dbw_statuses,domain_required,required,warning,status,"status is null or nullif(status::text, '') is null",status_missing,Required field `status` is missing.,true,generated,
stg_orders_fbs_statuses__technical_raw_payload_id_missing,stg_orders_fbs_statuses,orders_fbs_statuses,technical_lineage,required,bad,raw_payload_id,raw_payload_id is null,technical_raw_payload_id_missing,Technical lineage field `raw_payload_id` is missing.,true,generated,
stg_orders_fbs_statuses__technical_record_index_missing,stg_orders_fbs_statuses,orders_fbs_statuses,technical_lineage,required,bad,record_index,record_index is null,technical_record_index_missing,Technical lineage field `record_index` is missing.,true,generated,
stg_orders_fbs_statuses__technical_dataset_name_missing,stg_orders_fbs_statuses,orders_fbs_statuses,technical_lineage,required,bad,dataset_name,"dataset_name is null or nullif(dataset_name::text, '') is null",technical_dataset_name_missing,Technical lineage field `dataset_name` is missing.,true,generated,
stg_orders_fbs_statuses__technical_raw_record_missing,stg_orders_fbs_statuses,orders_fbs_statuses,technical_lineage,required,bad,raw_record,"raw_record is null or nullif(raw_record::text, '') is null",technical_raw_record_missing,Technical lineage field `raw_record` is missing.,true,generated,
stg_orders_fbs_statuses__duplicate_raw_payload_record_index,stg_orders_fbs_statuses,orders_fbs_statuses,technical_lineage,unique_combination,bad,"raw_payload_id,record_index","count(*) over (partition by raw_payload_id, record_index) > 1",duplicate_raw_payload_record_index,Duplicate row identity by raw_payload_id + record_index.,true,generated,
stg_orders_fbs_statuses__unexpected_dataset_name,stg_orders_fbs_statuses,orders_fbs_statuses,technical_lineage,accepted_dataset,bad,dataset_name,dataset_name <> 'orders_fbs_statuses',unexpected_dataset_name,dataset_name is not `orders_fbs_statuses`.,true,generated,
stg_orders_fbs_statuses__order_status_identity_missing,stg_orders_fbs_statuses,orders_fbs_statuses,domain_required,at_least_one_required,bad,"order_id,rid,srid","(order_id is null) and (rid is null or nullif(rid::text, '') is null) and (srid is null or nullif(srid::text, '') is null)",order_status_identity_missing,Order status row has no order identity field.,true,generated,
stg_orders_fbs_statuses__wb_status_missing,stg_orders_fbs_statuses,orders_fbs_statuses,domain_required,required,warning,wb_status,"wb_status is null or nullif(wb_status::text, '') is null",wb_status_missing,Required field `wb_status` is missing.,true,generated,
stg_orders_fbs_statuses__supplier_status_missing,stg_orders_fbs_statuses,orders_fbs_statuses,domain_required,required,warning,supplier_status,"supplier_status is null or nullif(supplier_status::text, '') is null",supplier_status_missing,Required field `supplier_status` is missing.,true,generated,
stg_orders_fbs_statuses__status_missing,stg_orders_fbs_statuses,orders_fbs_statuses,domain_required,required,warning,status,"status is null or nullif(status::text, '') is null",status_missing,Required field `status` is missing.,true,generated,
stg_orders_pickup_statuses__technical_raw_payload_id_missing,stg_orders_pickup_statuses,orders_pickup_statuses,technical_lineage,required,bad,raw_payload_id,raw_payload_id is null,technical_raw_payload_id_missing,Technical lineage field `raw_payload_id` is missing.,true,generated,
stg_orders_pickup_statuses__technical_record_index_missing,stg_orders_pickup_statuses,orders_pickup_statuses,technical_lineage,required,bad,record_index,record_index is null,technical_record_index_missing,Technical lineage field `record_index` is missing.,true,generated,
stg_orders_pickup_statuses__technical_dataset_name_missing,stg_orders_pickup_statuses,orders_pickup_statuses,technical_lineage,required,bad,dataset_name,"dataset_name is null or nullif(dataset_name::text, '') is null",technical_dataset_name_missing,Technical lineage field `dataset_name` is missing.,true,generated,
stg_orders_pickup_statuses__technical_raw_record_missing,stg_orders_pickup_statuses,orders_pickup_statuses,technical_lineage,required,bad,raw_record,"raw_record is null or nullif(raw_record::text, '') is null",technical_raw_record_missing,Technical lineage field `raw_record` is missing.,true,generated,
stg_orders_pickup_statuses__duplicate_raw_payload_record_index,stg_orders_pickup_statuses,orders_pickup_statuses,technical_lineage,unique_combination,bad,"raw_payload_id,record_index","count(*) over (partition by raw_payload_id, record_index) > 1",duplicate_raw_payload_record_index,Duplicate row identity by raw_payload_id + record_index.,true,generated,
stg_orders_pickup_statuses__unexpected_dataset_name,stg_orders_pickup_statuses,orders_pickup_statuses,technical_lineage,accepted_dataset,bad,dataset_name,dataset_name <> 'orders_pickup_statuses',unexpected_dataset_name,dataset_name is not `orders_pickup_statuses`.,true,generated,
stg_orders_pickup_statuses__order_status_identity_missing,stg_orders_pickup_statuses,orders_pickup_statuses,domain_required,at_least_one_required,bad,"order_id,rid,srid","(order_id is null) and (rid is null or nullif(rid::text, '') is null) and (srid is null or nullif(srid::text, '') is null)",order_status_identity_missing,Order status row has no order identity field.,true,generated,
stg_orders_pickup_statuses__wb_status_missing,stg_orders_pickup_statuses,orders_pickup_statuses,domain_required,required,warning,wb_status,"wb_status is null or nullif(wb_status::text, '') is null",wb_status_missing,Required field `wb_status` is missing.,true,generated,
stg_orders_pickup_statuses__supplier_status_missing,stg_orders_pickup_statuses,orders_pickup_statuses,domain_required,required,warning,supplier_status,"supplier_status is null or nullif(supplier_status::text, '') is null",supplier_status_missing,Required field `supplier_status` is missing.,true,generated,
stg_orders_pickup_statuses__status_missing,stg_orders_pickup_statuses,orders_pickup_statuses,domain_required,required,warning,status,"status is null or nullif(status::text, '') is null",status_missing,Required field `status` is missing.,true,generated,
stg_promotion_campaigns__technical_raw_payload_id_missing,stg_promotion_campaigns,promotion_campaigns,technical_lineage,required,bad,raw_payload_id,raw_payload_id is null,technical_raw_payload_id_missing,Technical lineage field `raw_payload_id` is missing.,true,generated,
stg_promotion_campaigns__technical_record_index_missing,stg_promotion_campaigns,promotion_campaigns,technical_lineage,required,bad,record_index,record_index is null,technical_record_index_missing,Technical lineage field `record_index` is missing.,true,generated,
stg_promotion_campaigns__technical_dataset_name_missing,stg_promotion_campaigns,promotion_campaigns,technical_lineage,required,bad,dataset_name,"dataset_name is null or nullif(dataset_name::text, '') is null",technical_dataset_name_missing,Technical lineage field `dataset_name` is missing.,true,generated,
stg_promotion_campaigns__technical_raw_record_missing,stg_promotion_campaigns,promotion_campaigns,technical_lineage,required,bad,raw_record,"raw_record is null or nullif(raw_record::text, '') is null",technical_raw_record_missing,Technical lineage field `raw_record` is missing.,true,generated,
stg_promotion_campaigns__duplicate_raw_payload_record_index,stg_promotion_campaigns,promotion_campaigns,technical_lineage,unique_combination,bad,"raw_payload_id,record_index","count(*) over (partition by raw_payload_id, record_index) > 1",duplicate_raw_payload_record_index,Duplicate row identity by raw_payload_id + record_index.,true,generated,
stg_promotion_campaigns__unexpected_dataset_name,stg_promotion_campaigns,promotion_campaigns,technical_lineage,accepted_dataset,bad,dataset_name,dataset_name <> 'promotion_campaigns',unexpected_dataset_name,dataset_name is not `promotion_campaigns`.,true,generated,
stg_promotion_campaigns__promotion_campaign_identity_missing,stg_promotion_campaigns,promotion_campaigns,domain_required,at_least_one_required,bad,"campaign_id,advert_id",(campaign_id is null) and (advert_id is null),promotion_campaign_identity_missing,Promotion campaign row has no campaign/advert identity.,true,generated,
stg_promotion_fullstats__technical_raw_payload_id_missing,stg_promotion_fullstats,promotion_fullstats,technical_lineage,required,bad,raw_payload_id,raw_payload_id is null,technical_raw_payload_id_missing,Technical lineage field `raw_payload_id` is missing.,true,generated,
stg_promotion_fullstats__technical_record_index_missing,stg_promotion_fullstats,promotion_fullstats,technical_lineage,required,bad,record_index,record_index is null,technical_record_index_missing,Technical lineage field `record_index` is missing.,true,generated,
stg_promotion_fullstats__technical_dataset_name_missing,stg_promotion_fullstats,promotion_fullstats,technical_lineage,required,bad,dataset_name,"dataset_name is null or nullif(dataset_name::text, '') is null",technical_dataset_name_missing,Technical lineage field `dataset_name` is missing.,true,generated,
stg_promotion_fullstats__technical_raw_record_missing,stg_promotion_fullstats,promotion_fullstats,technical_lineage,required,bad,raw_record,"raw_record is null or nullif(raw_record::text, '') is null",technical_raw_record_missing,Technical lineage field `raw_record` is missing.,true,generated,
stg_promotion_fullstats__duplicate_raw_payload_record_index,stg_promotion_fullstats,promotion_fullstats,technical_lineage,unique_combination,bad,"raw_payload_id,record_index","count(*) over (partition by raw_payload_id, record_index) > 1",duplicate_raw_payload_record_index,Duplicate row identity by raw_payload_id + record_index.,true,generated,
stg_promotion_fullstats__unexpected_dataset_name,stg_promotion_fullstats,promotion_fullstats,technical_lineage,accepted_dataset,bad,dataset_name,dataset_name <> 'promotion_fullstats',unexpected_dataset_name,dataset_name is not `promotion_fullstats`.,true,generated,
stg_promotion_fullstats__root_campaign_id_missing,stg_promotion_fullstats,promotion_fullstats,domain_required,required,bad,root_campaign_id,root_campaign_id is null,root_campaign_id_missing,Required field `root_campaign_id` is missing.,true,generated,
stg_promotion_fullstats__root_advert_id_missing,stg_promotion_fullstats,promotion_fullstats,domain_required,required,bad,root_advert_id,root_advert_id is null,root_advert_id_missing,Required field `root_advert_id` is missing.,true,generated,
stg_promotion_fullstats__nm_nm_id_missing,stg_promotion_fullstats,promotion_fullstats,domain_required,required,bad,nm_nm_id,nm_nm_id is null,nm_nm_id_missing,Required field `nm_nm_id` is missing.,true,generated,
stg_promotion_fullstats__root_atbs_negative,stg_promotion_fullstats,promotion_fullstats,numeric_quality,non_negative,bad,root_atbs,root_atbs < 0,root_atbs_negative,Numeric field `root_atbs` is negative.,true,generated,
stg_promotion_fullstats__root_canceled_negative,stg_promotion_fullstats,promotion_fullstats,numeric_quality,non_negative,bad,root_canceled,root_canceled < 0,root_canceled_negative,Numeric field `root_canceled` is negative.,true,generated,
stg_promotion_fullstats__root_clicks_negative,stg_promotion_fullstats,promotion_fullstats,numeric_quality,non_negative,bad,root_clicks,root_clicks < 0,root_clicks_negative,Numeric field `root_clicks` is negative.,true,generated,
stg_promotion_fullstats__root_orders_negative,stg_promotion_fullstats,promotion_fullstats,numeric_quality,non_negative,bad,root_orders,root_orders < 0,root_orders_negative,Numeric field `root_orders` is negative.,true,generated,
stg_promotion_fullstats__root_shks_negative,stg_promotion_fullstats,promotion_fullstats,numeric_quality,non_negative,bad,root_shks,root_shks < 0,root_shks_negative,Numeric field `root_shks` is negative.,true,generated,
stg_promotion_fullstats__root_sum_negative,stg_promotion_fullstats,promotion_fullstats,numeric_quality,non_negative,bad,root_sum,root_sum < 0,root_sum_negative,Numeric field `root_sum` is negative.,true,generated,
stg_promotion_fullstats__root_sum_price_negative,stg_promotion_fullstats,promotion_fullstats,numeric_quality,non_negative,bad,root_sum_price,root_sum_price < 0,root_sum_price_negative,Numeric field `root_sum_price` is negative.,true,generated,
stg_promotion_fullstats__root_views_negative,stg_promotion_fullstats,promotion_fullstats,numeric_quality,non_negative,bad,root_views,root_views < 0,root_views_negative,Numeric field `root_views` is negative.,true,generated,
stg_promotion_fullstats__day_atbs_negative,stg_promotion_fullstats,promotion_fullstats,numeric_quality,non_negative,bad,day_atbs,day_atbs < 0,day_atbs_negative,Numeric field `day_atbs` is negative.,true,generated,
stg_promotion_fullstats__day_canceled_negative,stg_promotion_fullstats,promotion_fullstats,numeric_quality,non_negative,bad,day_canceled,day_canceled < 0,day_canceled_negative,Numeric field `day_canceled` is negative.,true,generated,
stg_promotion_fullstats__day_clicks_negative,stg_promotion_fullstats,promotion_fullstats,numeric_quality,non_negative,bad,day_clicks,day_clicks < 0,day_clicks_negative,Numeric field `day_clicks` is negative.,true,generated,
stg_promotion_fullstats__day_orders_negative,stg_promotion_fullstats,promotion_fullstats,numeric_quality,non_negative,bad,day_orders,day_orders < 0,day_orders_negative,Numeric field `day_orders` is negative.,true,generated,
stg_promotion_fullstats__day_shks_negative,stg_promotion_fullstats,promotion_fullstats,numeric_quality,non_negative,bad,day_shks,day_shks < 0,day_shks_negative,Numeric field `day_shks` is negative.,true,generated,
stg_promotion_fullstats__day_sum_negative,stg_promotion_fullstats,promotion_fullstats,numeric_quality,non_negative,bad,day_sum,day_sum < 0,day_sum_negative,Numeric field `day_sum` is negative.,true,generated,
stg_promotion_fullstats__day_sum_price_negative,stg_promotion_fullstats,promotion_fullstats,numeric_quality,non_negative,bad,day_sum_price,day_sum_price < 0,day_sum_price_negative,Numeric field `day_sum_price` is negative.,true,generated,
stg_promotion_fullstats__day_views_negative,stg_promotion_fullstats,promotion_fullstats,numeric_quality,non_negative,bad,day_views,day_views < 0,day_views_negative,Numeric field `day_views` is negative.,true,generated,
stg_promotion_fullstats__app_atbs_negative,stg_promotion_fullstats,promotion_fullstats,numeric_quality,non_negative,bad,app_atbs,app_atbs < 0,app_atbs_negative,Numeric field `app_atbs` is negative.,true,generated,
stg_promotion_fullstats__app_canceled_negative,stg_promotion_fullstats,promotion_fullstats,numeric_quality,non_negative,bad,app_canceled,app_canceled < 0,app_canceled_negative,Numeric field `app_canceled` is negative.,true,generated,
stg_promotion_fullstats__app_clicks_negative,stg_promotion_fullstats,promotion_fullstats,numeric_quality,non_negative,bad,app_clicks,app_clicks < 0,app_clicks_negative,Numeric field `app_clicks` is negative.,true,generated,
stg_promotion_fullstats__app_orders_negative,stg_promotion_fullstats,promotion_fullstats,numeric_quality,non_negative,bad,app_orders,app_orders < 0,app_orders_negative,Numeric field `app_orders` is negative.,true,generated,
stg_promotion_fullstats__app_shks_negative,stg_promotion_fullstats,promotion_fullstats,numeric_quality,non_negative,bad,app_shks,app_shks < 0,app_shks_negative,Numeric field `app_shks` is negative.,true,generated,
stg_promotion_fullstats__app_sum_negative,stg_promotion_fullstats,promotion_fullstats,numeric_quality,non_negative,bad,app_sum,app_sum < 0,app_sum_negative,Numeric field `app_sum` is negative.,true,generated,
stg_promotion_fullstats__app_sum_price_negative,stg_promotion_fullstats,promotion_fullstats,numeric_quality,non_negative,bad,app_sum_price,app_sum_price < 0,app_sum_price_negative,Numeric field `app_sum_price` is negative.,true,generated,
stg_promotion_fullstats__app_views_negative,stg_promotion_fullstats,promotion_fullstats,numeric_quality,non_negative,bad,app_views,app_views < 0,app_views_negative,Numeric field `app_views` is negative.,true,generated,
stg_promotion_fullstats__nm_atbs_negative,stg_promotion_fullstats,promotion_fullstats,numeric_quality,non_negative,bad,nm_atbs,nm_atbs < 0,nm_atbs_negative,Numeric field `nm_atbs` is negative.,true,generated,
stg_promotion_fullstats__nm_canceled_negative,stg_promotion_fullstats,promotion_fullstats,numeric_quality,non_negative,bad,nm_canceled,nm_canceled < 0,nm_canceled_negative,Numeric field `nm_canceled` is negative.,true,generated,
stg_promotion_fullstats__nm_clicks_negative,stg_promotion_fullstats,promotion_fullstats,numeric_quality,non_negative,bad,nm_clicks,nm_clicks < 0,nm_clicks_negative,Numeric field `nm_clicks` is negative.,true,generated,
stg_promotion_fullstats__nm_orders_negative,stg_promotion_fullstats,promotion_fullstats,numeric_quality,non_negative,bad,nm_orders,nm_orders < 0,nm_orders_negative,Numeric field `nm_orders` is negative.,true,generated,
stg_promotion_fullstats__nm_shks_negative,stg_promotion_fullstats,promotion_fullstats,numeric_quality,non_negative,bad,nm_shks,nm_shks < 0,nm_shks_negative,Numeric field `nm_shks` is negative.,true,generated,
stg_promotion_fullstats__nm_sum_negative,stg_promotion_fullstats,promotion_fullstats,numeric_quality,non_negative,bad,nm_sum,nm_sum < 0,nm_sum_negative,Numeric field `nm_sum` is negative.,true,generated,
stg_promotion_fullstats__nm_sum_price_negative,stg_promotion_fullstats,promotion_fullstats,numeric_quality,non_negative,bad,nm_sum_price,nm_sum_price < 0,nm_sum_price_negative,Numeric field `nm_sum_price` is negative.,true,generated,
stg_promotion_fullstats__nm_views_negative,stg_promotion_fullstats,promotion_fullstats,numeric_quality,non_negative,bad,nm_views,nm_views < 0,nm_views_negative,Numeric field `nm_views` is negative.,true,generated,
stg_report_orders__technical_raw_payload_id_missing,stg_report_orders,report_orders,technical_lineage,required,bad,raw_payload_id,raw_payload_id is null,technical_raw_payload_id_missing,Technical lineage field `raw_payload_id` is missing.,true,generated,
stg_report_orders__technical_record_index_missing,stg_report_orders,report_orders,technical_lineage,required,bad,record_index,record_index is null,technical_record_index_missing,Technical lineage field `record_index` is missing.,true,generated,
stg_report_orders__technical_dataset_name_missing,stg_report_orders,report_orders,technical_lineage,required,bad,dataset_name,"dataset_name is null or nullif(dataset_name::text, '') is null",technical_dataset_name_missing,Technical lineage field `dataset_name` is missing.,true,generated,
stg_report_orders__technical_raw_record_missing,stg_report_orders,report_orders,technical_lineage,required,bad,raw_record,"raw_record is null or nullif(raw_record::text, '') is null",technical_raw_record_missing,Technical lineage field `raw_record` is missing.,true,generated,
stg_report_orders__duplicate_raw_payload_record_index,stg_report_orders,report_orders,technical_lineage,unique_combination,bad,"raw_payload_id,record_index","count(*) over (partition by raw_payload_id, record_index) > 1",duplicate_raw_payload_record_index,Duplicate row identity by raw_payload_id + record_index.,true,generated,
stg_report_orders__unexpected_dataset_name,stg_report_orders,report_orders,technical_lineage,accepted_dataset,bad,dataset_name,dataset_name <> 'report_orders',unexpected_dataset_name,dataset_name is not `report_orders`.,true,generated,
stg_report_orders__operation_date_missing,stg_report_orders,report_orders,domain_required,required,bad,operation_date,operation_date is null,operation_date_missing,Required field `operation_date` is missing.,true,generated,
stg_report_orders__operation_business_identity_missing,stg_report_orders,report_orders,domain_required,at_least_one_required,warning,"nm_id,order_id,rid,srid","(nm_id is null) and (order_id is null) and (rid is null or nullif(rid::text, '') is null) and (srid is null or nullif(srid::text, '') is null)",operation_business_identity_missing,Operation/report row has no product/order/report identity field.,true,generated,
stg_report_orders__converted_final_price_negative,stg_report_orders,report_orders,numeric_quality,non_negative,warning,converted_final_price,converted_final_price < 0,converted_final_price_negative,Numeric field `converted_final_price` is negative.,true,generated,
stg_report_orders__converted_price_negative,stg_report_orders,report_orders,numeric_quality,non_negative,warning,converted_price,converted_price < 0,converted_price_negative,Numeric field `converted_price` is negative.,true,generated,
stg_report_orders__final_price_negative,stg_report_orders,report_orders,numeric_quality,non_negative,warning,final_price,final_price < 0,final_price_negative,Numeric field `final_price` is negative.,true,generated,
stg_report_orders__finished_price_negative,stg_report_orders,report_orders,numeric_quality,non_negative,warning,finished_price,finished_price < 0,finished_price_negative,Numeric field `finished_price` is negative.,true,generated,
stg_report_orders__price_negative,stg_report_orders,report_orders,numeric_quality,non_negative,warning,price,price < 0,price_negative,Numeric field `price` is negative.,true,generated,
stg_report_orders__sale_price_negative,stg_report_orders,report_orders,numeric_quality,non_negative,warning,sale_price,sale_price < 0,sale_price_negative,Numeric field `sale_price` is negative.,true,generated,
stg_report_orders__total_price_negative,stg_report_orders,report_orders,numeric_quality,non_negative,warning,total_price,total_price < 0,total_price_negative,Numeric field `total_price` is negative.,true,generated,
stg_report_sales__technical_raw_payload_id_missing,stg_report_sales,report_sales,technical_lineage,required,bad,raw_payload_id,raw_payload_id is null,technical_raw_payload_id_missing,Technical lineage field `raw_payload_id` is missing.,true,generated,
stg_report_sales__technical_record_index_missing,stg_report_sales,report_sales,technical_lineage,required,bad,record_index,record_index is null,technical_record_index_missing,Technical lineage field `record_index` is missing.,true,generated,
stg_report_sales__technical_dataset_name_missing,stg_report_sales,report_sales,technical_lineage,required,bad,dataset_name,"dataset_name is null or nullif(dataset_name::text, '') is null",technical_dataset_name_missing,Technical lineage field `dataset_name` is missing.,true,generated,
stg_report_sales__technical_raw_record_missing,stg_report_sales,report_sales,technical_lineage,required,bad,raw_record,"raw_record is null or nullif(raw_record::text, '') is null",technical_raw_record_missing,Technical lineage field `raw_record` is missing.,true,generated,
stg_report_sales__duplicate_raw_payload_record_index,stg_report_sales,report_sales,technical_lineage,unique_combination,bad,"raw_payload_id,record_index","count(*) over (partition by raw_payload_id, record_index) > 1",duplicate_raw_payload_record_index,Duplicate row identity by raw_payload_id + record_index.,true,generated,
stg_report_sales__unexpected_dataset_name,stg_report_sales,report_sales,technical_lineage,accepted_dataset,bad,dataset_name,dataset_name <> 'report_sales',unexpected_dataset_name,dataset_name is not `report_sales`.,true,generated,
stg_report_sales__operation_date_missing,stg_report_sales,report_sales,domain_required,required,bad,operation_date,operation_date is null,operation_date_missing,Required field `operation_date` is missing.,true,generated,
stg_report_sales__operation_business_identity_missing,stg_report_sales,report_sales,domain_required,at_least_one_required,warning,"nm_id,order_id,rid,srid","(nm_id is null) and (order_id is null) and (rid is null or nullif(rid::text, '') is null) and (srid is null or nullif(srid::text, '') is null)",operation_business_identity_missing,Operation/report row has no product/order/report identity field.,true,generated,
stg_report_sales__converted_final_price_negative,stg_report_sales,report_sales,numeric_quality,non_negative,warning,converted_final_price,converted_final_price < 0,converted_final_price_negative,Numeric field `converted_final_price` is negative.,true,generated,
stg_report_sales__converted_price_negative,stg_report_sales,report_sales,numeric_quality,non_negative,warning,converted_price,converted_price < 0,converted_price_negative,Numeric field `converted_price` is negative.,true,generated,
stg_report_sales__final_price_negative,stg_report_sales,report_sales,numeric_quality,non_negative,warning,final_price,final_price < 0,final_price_negative,Numeric field `final_price` is negative.,true,generated,
stg_report_sales__finished_price_negative,stg_report_sales,report_sales,numeric_quality,non_negative,warning,finished_price,finished_price < 0,finished_price_negative,Numeric field `finished_price` is negative.,true,generated,
stg_report_sales__payment_sale_amount_negative,stg_report_sales,report_sales,numeric_quality,non_negative,warning,payment_sale_amount,payment_sale_amount < 0,payment_sale_amount_negative,Numeric field `payment_sale_amount` is negative.,true,generated,
stg_report_sales__price_negative,stg_report_sales,report_sales,numeric_quality,non_negative,warning,price,price < 0,price_negative,Numeric field `price` is negative.,true,generated,
stg_report_sales__sale_price_negative,stg_report_sales,report_sales,numeric_quality,non_negative,warning,sale_price,sale_price < 0,sale_price_negative,Numeric field `sale_price` is negative.,true,generated,
stg_report_sales__total_price_negative,stg_report_sales,report_sales,numeric_quality,non_negative,warning,total_price,total_price < 0,total_price_negative,Numeric field `total_price` is negative.,true,generated,
stg_tariffs_acceptance__technical_raw_payload_id_missing,stg_tariffs_acceptance,tariffs_acceptance,technical_lineage,required,bad,raw_payload_id,raw_payload_id is null,technical_raw_payload_id_missing,Technical lineage field `raw_payload_id` is missing.,true,generated,
stg_tariffs_acceptance__technical_record_index_missing,stg_tariffs_acceptance,tariffs_acceptance,technical_lineage,required,bad,record_index,record_index is null,technical_record_index_missing,Technical lineage field `record_index` is missing.,true,generated,
stg_tariffs_acceptance__technical_dataset_name_missing,stg_tariffs_acceptance,tariffs_acceptance,technical_lineage,required,bad,dataset_name,"dataset_name is null or nullif(dataset_name::text, '') is null",technical_dataset_name_missing,Technical lineage field `dataset_name` is missing.,true,generated,
stg_tariffs_acceptance__technical_raw_record_missing,stg_tariffs_acceptance,tariffs_acceptance,technical_lineage,required,bad,raw_record,"raw_record is null or nullif(raw_record::text, '') is null",technical_raw_record_missing,Technical lineage field `raw_record` is missing.,true,generated,
stg_tariffs_acceptance__duplicate_raw_payload_record_index,stg_tariffs_acceptance,tariffs_acceptance,technical_lineage,unique_combination,bad,"raw_payload_id,record_index","count(*) over (partition by raw_payload_id, record_index) > 1",duplicate_raw_payload_record_index,Duplicate row identity by raw_payload_id + record_index.,true,generated,
stg_tariffs_acceptance__unexpected_dataset_name,stg_tariffs_acceptance,tariffs_acceptance,technical_lineage,accepted_dataset,bad,dataset_name,dataset_name <> 'tariffs_acceptance',unexpected_dataset_name,dataset_name is not `tariffs_acceptance`.,true,generated,
stg_tariffs_acceptance__tariff_context_missing,stg_tariffs_acceptance,tariffs_acceptance,domain_required,at_least_one_required,warning,"warehouse_name,warehouse_id","(warehouse_name is null or nullif(warehouse_name::text, '') is null) and (warehouse_id is null)",tariff_context_missing,Tariff row has no warehouse/category/context field.,true,generated,
stg_tariffs_box__technical_raw_payload_id_missing,stg_tariffs_box,tariffs_box,technical_lineage,required,bad,raw_payload_id,raw_payload_id is null,technical_raw_payload_id_missing,Technical lineage field `raw_payload_id` is missing.,true,generated,
stg_tariffs_box__technical_record_index_missing,stg_tariffs_box,tariffs_box,technical_lineage,required,bad,record_index,record_index is null,technical_record_index_missing,Technical lineage field `record_index` is missing.,true,generated,
stg_tariffs_box__technical_dataset_name_missing,stg_tariffs_box,tariffs_box,technical_lineage,required,bad,dataset_name,"dataset_name is null or nullif(dataset_name::text, '') is null",technical_dataset_name_missing,Technical lineage field `dataset_name` is missing.,true,generated,
stg_tariffs_box__technical_raw_record_missing,stg_tariffs_box,tariffs_box,technical_lineage,required,bad,raw_record,"raw_record is null or nullif(raw_record::text, '') is null",technical_raw_record_missing,Technical lineage field `raw_record` is missing.,true,generated,
stg_tariffs_box__duplicate_raw_payload_record_index,stg_tariffs_box,tariffs_box,technical_lineage,unique_combination,bad,"raw_payload_id,record_index","count(*) over (partition by raw_payload_id, record_index) > 1",duplicate_raw_payload_record_index,Duplicate row identity by raw_payload_id + record_index.,true,generated,
stg_tariffs_box__unexpected_dataset_name,stg_tariffs_box,tariffs_box,technical_lineage,accepted_dataset,bad,dataset_name,dataset_name <> 'tariffs_box',unexpected_dataset_name,dataset_name is not `tariffs_box`.,true,generated,
stg_tariffs_box__tariff_context_missing,stg_tariffs_box,tariffs_box,domain_required,at_least_one_required,warning,warehouse_name,"(warehouse_name is null or nullif(warehouse_name::text, '') is null)",tariff_context_missing,Tariff row has no warehouse/category/context field.,true,generated,
stg_tariffs_commission__technical_raw_payload_id_missing,stg_tariffs_commission,tariffs_commission,technical_lineage,required,bad,raw_payload_id,raw_payload_id is null,technical_raw_payload_id_missing,Technical lineage field `raw_payload_id` is missing.,true,generated,
stg_tariffs_commission__technical_record_index_missing,stg_tariffs_commission,tariffs_commission,technical_lineage,required,bad,record_index,record_index is null,technical_record_index_missing,Technical lineage field `record_index` is missing.,true,generated,
stg_tariffs_commission__technical_dataset_name_missing,stg_tariffs_commission,tariffs_commission,technical_lineage,required,bad,dataset_name,"dataset_name is null or nullif(dataset_name::text, '') is null",technical_dataset_name_missing,Technical lineage field `dataset_name` is missing.,true,generated,
stg_tariffs_commission__technical_raw_record_missing,stg_tariffs_commission,tariffs_commission,technical_lineage,required,bad,raw_record,"raw_record is null or nullif(raw_record::text, '') is null",technical_raw_record_missing,Technical lineage field `raw_record` is missing.,true,generated,
stg_tariffs_commission__duplicate_raw_payload_record_index,stg_tariffs_commission,tariffs_commission,technical_lineage,unique_combination,bad,"raw_payload_id,record_index","count(*) over (partition by raw_payload_id, record_index) > 1",duplicate_raw_payload_record_index,Duplicate row identity by raw_payload_id + record_index.,true,generated,
stg_tariffs_commission__unexpected_dataset_name,stg_tariffs_commission,tariffs_commission,technical_lineage,accepted_dataset,bad,dataset_name,dataset_name <> 'tariffs_commission',unexpected_dataset_name,dataset_name is not `tariffs_commission`.,true,generated,
stg_tariffs_commission__tariff_context_missing,stg_tariffs_commission,tariffs_commission,domain_required,at_least_one_required,warning,subject_name,"(subject_name is null or nullif(subject_name::text, '') is null)",tariff_context_missing,Tariff row has no warehouse/category/context field.,true,generated,
